anio,semana,contaminante,avg,stddev
2015,1,dioxido_de_azufre,7.0791666666666667,8.1863718498503517
2014,1,dioxido_de_azufre,6.8260416666666667,5.8298742475069626
2016,1,dioxido_de_azufre,4.2678571428571429,4.7898298275560211
2014,1,dioxido_de_nitrogeno,20.6208333333333333,8.8756901849936745
2016,1,dioxido_de_nitrogeno,13.9154761904761905,5.6630663418997502
2015,1,dioxido_de_nitrogeno,13.4666666666666667,6.0577365890048051
2016,1,monoxido_de_carbono,7.9178571428571429,4.2936508469806072
2015,1,monoxido_de_carbono,11.1145833333333333,5.5568231707397229
2014,1,monoxido_de_carbono,12.3302083333333333,4.6076877272894820
2015,1,ozono,16.8437500000000000,15.3631939073712991
2016,1,ozono,17.1654761904761905,12.5382845806710139
2014,1,ozono,27.0177083333333333,28.7336606143864989
2016,1,pm10,61.0702380952380952,24.3564818340620120
2014,1,pm10,67.7281250000000000,26.3769111089732755
2015,1,pm10,77.6000000000000000,36.3658974434630994
2014,10,dioxido_de_azufre,2.8455089820359281,1.5412282383971867
2015,10,dioxido_de_azufre,6.2359281437125749,4.1665739302421370
2015,10,dioxido_de_nitrogeno,16.4047904191616766,6.6857503393342544
2014,10,dioxido_de_nitrogeno,15.1664670658682635,6.7975045743759705
2014,10,monoxido_de_carbono,8.5688622754491018,3.6768102148885744
2015,10,monoxido_de_carbono,8.6227544910179641,3.1524357117745151
2014,10,ozono,29.3544910179640719,23.2667018131021594
2015,10,ozono,35.4598802395209581,36.2998669820055911
2015,10,pm10,94.0550898203592814,13.3586150840700808
2014,10,pm10,51.8742514970059880,14.9939154888665734
2014,11,dioxido_de_azufre,2.7502958579881657,2.2760634788506460
2015,11,dioxido_de_azufre,2.8508875739644970,2.1860208158861596
2015,11,dioxido_de_nitrogeno,11.7017751479289941,4.8210693953995746
2014,11,dioxido_de_nitrogeno,14.0840236686390533,6.9140829495034616
2014,11,monoxido_de_carbono,8.4568047337278107,3.6123920100261527
2015,11,monoxido_de_carbono,6.7278106508875740,2.4977232404542705
2014,11,ozono,31.8236686390532544,27.0618198419879369
2015,11,ozono,18.5739644970414201,12.7067092038106877
2014,11,pm10,47.3041420118343195,15.8878935214372935
2015,11,pm10,46.8958579881656805,21.2373975873487446
2015,12,dioxido_de_azufre,3.1095238095238095,1.7282356155045016
2014,12,dioxido_de_azufre,6.8130952380952381,5.7843296543262213
2015,12,dioxido_de_nitrogeno,14.3142857142857143,6.1805404729728539
2014,12,dioxido_de_nitrogeno,16.4523809523809524,7.0813504868516692
2015,12,monoxido_de_carbono,8.1059523809523810,2.8651808509785814
2014,12,monoxido_de_carbono,8.0773809523809524,3.2904619334544502
2014,12,ozono,37.4107142857142857,31.3493389583332029
2015,12,ozono,23.6761904761904762,21.6880012143591754
2014,12,pm10,51.8952380952380952,11.6582637800477803
2015,12,pm10,57.7988095238095238,18.7283128072792221
2015,13,dioxido_de_azufre,1.8202380952380952,0.76877063322481462777
2014,13,dioxido_de_azufre,4.4178571428571429,3.5329762955889270
2015,13,dioxido_de_nitrogeno,14.9226190476190476,5.0992497798360117
2014,13,dioxido_de_nitrogeno,15.6166666666666667,6.6657438773343297
2014,13,monoxido_de_carbono,7.1392857142857143,2.8214028690525040
2015,13,monoxido_de_carbono,8.5607142857142857,3.2306826792200378
2015,13,ozono,20.3273809523809524,17.3393174938885061
2014,13,ozono,34.7047619047619048,24.3075443330795077
2014,13,pm10,50.1488095238095238,10.7312160256506873
2015,13,pm10,46.6523809523809524,15.1250841559571411
2015,14,dioxido_de_azufre,2.1559523809523810,1.1306596417055356
2014,14,dioxido_de_azufre,2.9964285714285714,2.0157275784927901
2015,14,dioxido_de_nitrogeno,16.1380952380952381,7.6292190463186666
2014,14,dioxido_de_nitrogeno,17.9952380952380952,7.8620390401819802
2015,14,monoxido_de_carbono,8.0750000000000000,3.9077983522514767
2014,14,monoxido_de_carbono,8.9476190476190476,3.8733980483697652
2014,14,ozono,44.6476190476190476,32.3664524013151219
2015,14,ozono,39.0345238095238095,32.8418030440863579
2014,14,pm10,53.7416666666666667,11.5946096177971436
2015,14,pm10,57.4023809523809524,17.7645840718113075
2015,15,dioxido_de_azufre,7.3964285714285714,5.0292338807764552
2014,15,dioxido_de_azufre,6.3583333333333333,6.4118801448913041
2014,15,dioxido_de_nitrogeno,17.7452380952380952,7.9801213806282504
2015,15,dioxido_de_nitrogeno,17.1261904761904762,6.1696925248862635
2015,15,monoxido_de_carbono,7.9595238095238095,3.2121313198003291
2014,15,monoxido_de_carbono,8.2690476190476190,4.5755732282651983
2014,15,ozono,43.8321428571428571,29.3141573948458217
2015,15,ozono,42.8809523809523810,37.6146336122734604
2015,15,pm10,81.8559523809523810,18.2317085580720666
2014,15,pm10,59.0059523809523810,13.0701312782475918
2015,16,dioxido_de_azufre,4.7988095238095238,5.4553118758983898
2014,16,dioxido_de_azufre,5.0214285714285714,8.8495310937314912
2015,16,dioxido_de_nitrogeno,17.3726190476190476,7.9508599723848163
2014,16,dioxido_de_nitrogeno,14.2309523809523810,5.9500498528670651
2015,16,monoxido_de_carbono,9.6416666666666667,4.2727539481173223
2014,16,monoxido_de_carbono,7.6976190476190476,3.2263063597819617
2015,16,ozono,34.5023809523809524,29.2227480749392391
2014,16,ozono,39.0976190476190476,28.6894928966612231
2014,16,pm10,41.6238095238095238,16.7985016858935957
2015,16,pm10,85.5273809523809524,18.1633880474226981
2015,17,dioxido_de_azufre,4.0166666666666667,2.4450496475740745
2014,17,dioxido_de_azufre,4.0000000000000000,2.4490031053009181
2015,17,dioxido_de_nitrogeno,15.4000000000000000,7.0770996665376467
2014,17,dioxido_de_nitrogeno,17.4892857142857143,6.6406039233296998
2015,17,monoxido_de_carbono,8.2511904761904762,3.5908104817714584
2014,17,monoxido_de_carbono,9.6857142857142857,4.7050081819448036
2014,17,ozono,34.8630952380952381,24.0492456611045016
2015,17,ozono,34.7250000000000000,28.9918708552128400
2014,17,pm10,38.7511904761904762,10.3998142695391623
2015,17,pm10,80.7202380952380952,17.1092422156081819
2014,18,dioxido_de_azufre,5.3273809523809524,5.2506847544920378
2015,18,dioxido_de_azufre,3.5440476190476190,2.4063806317887367
2015,18,dioxido_de_nitrogeno,16.3857142857142857,6.1300009207951535
2014,18,dioxido_de_nitrogeno,17.9869047619047619,6.7524644291519080
2014,18,monoxido_de_carbono,9.0428571428571429,3.7582578355021626
2015,18,monoxido_de_carbono,8.5083333333333333,3.4180237525017102
2015,18,ozono,32.9000000000000000,29.5153462033191785
2014,18,ozono,37.4285714285714286,29.4367813000735577
2014,18,pm10,45.6095238095238095,10.5568399559908559
2015,18,pm10,71.4690476190476190,17.9784401154443562
2014,19,dioxido_de_azufre,2.9202380952380952,1.9638132593850502
2015,19,dioxido_de_azufre,2.7952380952380952,1.3847375763661575
2015,19,dioxido_de_nitrogeno,17.3047619047619048,7.2660968361888491
2014,19,dioxido_de_nitrogeno,19.1845238095238095,7.6517153038523561
2015,19,monoxido_de_carbono,9.4904761904761905,4.3633979566022104
2014,19,monoxido_de_carbono,10.1404761904761905,4.3935460046824135
2015,19,ozono,38.8285714285714286,36.9610385705247302
2014,19,ozono,39.6630952380952381,32.2772121143402528
2015,19,pm10,62.7702380952380952,18.1192795321903105
2014,19,pm10,41.6583333333333333,12.7436885996929313
2014,2,dioxido_de_azufre,9.9047619047619048,10.7351017118268110
2016,2,dioxido_de_azufre,3.2392857142857143,2.9332875565932104
2015,2,dioxido_de_azufre,4.0583333333333333,3.6939117623550724
2016,2,dioxido_de_nitrogeno,16.9535714285714286,8.3021881520294154
2014,2,dioxido_de_nitrogeno,19.9869047619047619,8.1273281950738360
2015,2,dioxido_de_nitrogeno,15.2607142857142857,6.8240184012907260
2014,2,monoxido_de_carbono,12.4309523809523810,5.9729221369033780
2015,2,monoxido_de_carbono,8.5880952380952381,3.7814995594622634
2016,2,monoxido_de_carbono,10.6285714285714286,7.7545875757042123
2015,2,ozono,17.5011904761904762,16.3826414286041400
2014,2,ozono,24.0178571428571429,19.2194134863441376
2016,2,ozono,18.0380952380952381,15.6335715350668094
2014,2,pm10,57.7321428571428571,18.7450345317943086
2016,2,pm10,55.8869047619047619,30.9318574365078264
2015,2,pm10,57.6130952380952381,18.9038485449956625
2014,20,dioxido_de_azufre,8.4607142857142857,8.8728740891786492
2015,20,dioxido_de_azufre,2.4666666666666667,1.0579550893101365
2015,20,dioxido_de_nitrogeno,16.7964285714285714,5.7326396773821750
2014,20,dioxido_de_nitrogeno,16.1476190476190476,6.7528915131191160
2014,20,monoxido_de_carbono,6.9571428571428571,3.1145123691845418
2015,20,monoxido_de_carbono,8.4047619047619048,3.2042844069534088
2014,20,ozono,38.8964285714285714,26.7163172650545009
2015,20,ozono,31.6214285714285714,29.9869978634903583
2015,20,pm10,56.0690476190476190,13.0494610211192498
2014,20,pm10,35.4464285714285714,10.7912022881813719
2014,21,dioxido_de_azufre,7.2071428571428571,4.7346712883167902
2015,21,dioxido_de_azufre,2.9500000000000000,1.7738331120530960
2015,21,dioxido_de_nitrogeno,16.1738095238095238,6.0999446850228299
2014,21,dioxido_de_nitrogeno,17.0464285714285714,6.6331767437333246
2014,21,monoxido_de_carbono,7.8809523809523810,3.3099869175920917
2015,21,monoxido_de_carbono,8.6297619047619048,3.3822533327840285
2014,21,ozono,38.9059523809523810,28.6780985699906819
2015,21,ozono,33.8738095238095238,32.2118772246811260
2015,21,pm10,66.6738095238095238,20.4631307107618710
2014,21,pm10,46.9928571428571429,11.9873770091717910
2015,22,dioxido_de_azufre,2.8119047619047619,1.3505311507002947
2014,22,dioxido_de_azufre,4.1369047619047619,3.3972673503565352
2014,22,dioxido_de_nitrogeno,17.4821428571428571,6.9262875373384062
2015,22,dioxido_de_nitrogeno,16.9452380952380952,5.7675968964491287
2014,22,monoxido_de_carbono,8.9488095238095238,3.3735984702225918
2015,22,monoxido_de_carbono,8.2452380952380952,3.1242602847767528
2015,22,ozono,27.5666666666666667,26.6904353745813598
2014,22,ozono,33.8428571428571429,23.2071887146370764
2014,22,pm10,32.9940476190476190,7.2884523616801268
2015,22,pm10,56.3535714285714286,16.0405471509894560
2015,23,dioxido_de_azufre,5.7166666666666667,3.9530267317179376
2014,23,dioxido_de_azufre,2.2583333333333333,1.4732180673535594
2014,23,dioxido_de_nitrogeno,10.6666666666666667,3.8676967652310984
2015,23,dioxido_de_nitrogeno,14.9559523809523810,5.2498220910993320
2015,23,monoxido_de_carbono,7.5178571428571429,2.6242047760461704
2014,23,monoxido_de_carbono,6.7857142857142857,2.1990973799642524
2014,23,ozono,22.9107142857142857,15.2356266335545961
2015,23,ozono,28.3809523809523810,24.3209101173649148
2014,23,pm10,24.0226190476190476,6.2438117386358713
2015,23,pm10,61.4523809523809524,18.2123645028420321
2015,24,dioxido_de_azufre,5.7702380952380952,4.4727563545190217
2014,24,dioxido_de_azufre,5.1857142857142857,4.2542874078444894
2015,24,dioxido_de_nitrogeno,14.3642857142857143,5.9771643883751264
2014,24,dioxido_de_nitrogeno,13.4071428571428571,4.7980375834080704
2014,24,monoxido_de_carbono,8.2476190476190476,2.9368594299350009
2015,24,monoxido_de_carbono,7.3714285714285714,2.8884947653050402
2015,24,ozono,35.7095238095238095,34.9430512992147213
2014,24,ozono,37.8714285714285714,31.7382041809451448
2014,24,pm10,37.4392857142857143,9.1635193942843918
2015,24,pm10,69.7619047619047619,23.2757830165310491
2015,25,dioxido_de_azufre,3.6071428571428571,2.7254937208652190
2014,25,dioxido_de_azufre,4.5380952380952381,3.7794975658512166
2015,25,dioxido_de_nitrogeno,14.8476190476190476,5.8213874747539333
2014,25,dioxido_de_nitrogeno,14.7892857142857143,5.1665587816393005
2014,25,monoxido_de_carbono,8.3261904761904762,2.4810662788895664
2015,25,monoxido_de_carbono,7.9940476190476190,2.8244147216334543
2014,25,ozono,33.4976190476190476,27.9378246179602133
2015,25,ozono,21.7690476190476190,19.2897483762043097
2014,25,pm10,32.7928571428571429,7.9469304381243665
2015,25,pm10,48.2226190476190476,19.0484411732306873
2014,26,dioxido_de_azufre,3.0928571428571429,2.0186133686002646
2015,26,dioxido_de_azufre,4.7571428571428571,2.5167986606087279
2015,26,dioxido_de_nitrogeno,15.4476190476190476,5.8525480365204849
2014,26,dioxido_de_nitrogeno,16.5952380952380952,6.1592281756050253
2015,26,monoxido_de_carbono,7.8011904761904762,2.7540843673806632
2014,26,monoxido_de_carbono,9.9607142857142857,3.2806187771061598
2014,26,ozono,22.9273809523809524,17.6316627314927374
2015,26,ozono,25.9416666666666667,23.8417043707521896
2015,26,pm10,68.4785714285714286,18.1285837124800909
2014,26,pm10,30.6261904761904762,10.9366266242559256
2014,27,dioxido_de_azufre,2.4738095238095238,1.8692109868545080
2015,27,dioxido_de_azufre,2.8678571428571429,1.3093284737884204
2015,27,dioxido_de_nitrogeno,19.6309523809523810,6.9715576805731222
2014,27,dioxido_de_nitrogeno,11.1607142857142857,3.9125274138995601
2015,27,monoxido_de_carbono,10.3833333333333333,2.9397134176903349
2014,27,monoxido_de_carbono,6.7523809523809524,2.3860178818802365
2014,27,ozono,19.0726190476190476,14.8738265224807731
2015,27,ozono,23.0035714285714286,21.6948989485597113
2015,27,pm10,55.9273809523809524,16.4523572742187985
2014,27,pm10,22.9738095238095238,7.3736818833412464
2015,28,dioxido_de_azufre,3.0119047619047619,1.3209059593678075
2014,28,dioxido_de_azufre,3.1892857142857143,2.5343653707493719
2014,28,dioxido_de_nitrogeno,15.6309523809523810,6.0132546521361057
2015,28,dioxido_de_nitrogeno,15.7345238095238095,7.0529918933615238
2014,28,monoxido_de_carbono,8.6940476190476190,3.6235835649697000
2015,28,monoxido_de_carbono,8.2392857142857143,3.7440303810139400
2015,28,ozono,26.6392857142857143,24.6235471567071332
2014,28,ozono,29.1857142857142857,23.1772726974467377
2015,28,pm10,58.1904761904761905,14.5304547960032365
2014,28,pm10,34.2988095238095238,9.8235929434632175
2014,29,dioxido_de_azufre,3.2285714285714286,1.4937750394724756
2015,29,dioxido_de_azufre,3.4119047619047619,1.9534148310694014
2015,29,dioxido_de_nitrogeno,14.8154761904761905,5.5822380081297674
2014,29,dioxido_de_nitrogeno,16.5488095238095238,5.8672236399669596
2014,29,monoxido_de_carbono,9.8464285714285714,3.8733202035133013
2015,29,monoxido_de_carbono,6.9023809523809524,2.5895166018662954
2015,29,ozono,35.9107142857142857,32.0233508286889412
2014,29,ozono,27.2857142857142857,23.4256724938590691
2015,29,pm10,62.7142857142857143,17.5609759616027932
2014,29,pm10,30.6000000000000000,8.6121293736237714
2015,3,dioxido_de_azufre,4.9619047619047619,3.1446609789741881
2014,3,dioxido_de_azufre,6.4369047619047619,3.8093192219738981
2016,3,dioxido_de_azufre,5.7583333333333333,2.7868116245257724
2015,3,dioxido_de_nitrogeno,23.0464285714285714,8.7135030967220279
2014,3,dioxido_de_nitrogeno,19.6523809523809524,7.2207236552163028
2016,3,dioxido_de_nitrogeno,23.2714285714285714,8.0983314903104489
2015,3,monoxido_de_carbono,11.9726190476190476,4.0009489693891156
2014,3,monoxido_de_carbono,10.1833333333333333,4.3108874372480388
2016,3,monoxido_de_carbono,11.6297619047619048,5.2872049606615444
2016,3,ozono,33.1607142857142857,29.7190921480887346
2014,3,ozono,29.3452380952380952,23.1953378076282652
2015,3,ozono,35.9916666666666667,33.5036500540579239
2014,3,pm10,54.2988095238095238,13.2401490945051085
2016,3,pm10,90.2523809523809524,22.7793084925116765
2015,3,pm10,95.3488095238095238,13.9648289188818858
2014,30,dioxido_de_azufre,3.6940476190476190,2.0547831457448819
2015,30,dioxido_de_azufre,2.8226190476190476,1.2947911774492913
2014,30,dioxido_de_nitrogeno,13.8476190476190476,4.5752215520575053
2015,30,dioxido_de_nitrogeno,15.6476190476190476,5.9607071796190745
2015,30,monoxido_de_carbono,8.7380952380952381,3.7097270833088549
2014,30,monoxido_de_carbono,7.6369047619047619,2.5473480454811022
2014,30,ozono,33.1476190476190476,25.9173918081733940
2015,30,ozono,29.4226190476190476,30.0374214408522386
2015,30,pm10,51.1928571428571429,15.8526723134924972
2014,30,pm10,34.9892857142857143,9.9049658011807831
2015,31,dioxido_de_azufre,3.8238095238095238,2.1615129036870203
2014,31,dioxido_de_azufre,3.6416666666666667,2.3539943146095625
2014,31,dioxido_de_nitrogeno,12.2654761904761905,4.6086148808306642
2015,31,dioxido_de_nitrogeno,12.6857142857142857,4.7443622614104119
2015,31,monoxido_de_carbono,6.4416666666666667,2.5363017915678352
2014,31,monoxido_de_carbono,6.8500000000000000,2.6113121476185794
2015,31,ozono,31.0392857142857143,28.4793320197321574
2014,31,ozono,33.2535714285714286,24.3317601539218466
2015,31,pm10,61.4047619047619048,14.9209430752724075
2014,31,pm10,36.4273809523809524,9.1251117346234517
2014,32,dioxido_de_azufre,2.7190476190476190,1.1217299119422346
2015,32,dioxido_de_azufre,3.6261904761904762,1.8445628665571518
2015,32,dioxido_de_nitrogeno,14.8500000000000000,5.1892779346184109
2014,32,dioxido_de_nitrogeno,14.3071428571428571,5.6735546056032448
2015,32,monoxido_de_carbono,7.5845238095238095,2.6755411847207363
2014,32,monoxido_de_carbono,8.6321428571428571,4.0177395881170170
2015,32,ozono,33.6261904761904762,30.5409829153689475
2014,32,ozono,29.5535714285714286,22.9167428497926205
2014,32,pm10,30.5285714285714286,7.2207912533083886
2015,32,pm10,57.5178571428571429,14.7873174786897284
2014,33,dioxido_de_azufre,3.0428571428571429,1.4907170614835879
2015,33,dioxido_de_azufre,3.5750000000000000,2.3656448016917409
2015,33,dioxido_de_nitrogeno,11.4476190476190476,4.4896510900872219
2014,33,dioxido_de_nitrogeno,13.0821428571428571,5.0359058970202961
2015,33,monoxido_de_carbono,5.9357142857142857,2.5781072811412225
2014,33,monoxido_de_carbono,8.0928571428571429,3.2398658617256271
2015,33,ozono,25.4559523809523810,22.7355730425039270
2014,33,ozono,27.2250000000000000,21.9166933672158350
2015,33,pm10,44.2404761904761905,10.3852733251259726
2014,33,pm10,26.0547619047619048,7.1090166648320146
2014,34,dioxido_de_azufre,4.1023809523809524,3.2823425524795434
2015,34,dioxido_de_azufre,3.3892857142857143,2.8012647346762583
2015,34,dioxido_de_nitrogeno,17.4809523809523810,7.3458489034387070
2014,34,dioxido_de_nitrogeno,15.0035714285714286,5.4118782180585775
2014,34,monoxido_de_carbono,9.4380952380952381,3.2387664024672785
2015,34,monoxido_de_carbono,8.9309523809523810,3.8777497434490426
2014,34,ozono,28.9226190476190476,23.9502357088660950
2015,34,ozono,29.7047619047619048,26.5781681795631912
2015,34,pm10,54.1011904761904762,18.7783127138317482
2014,34,pm10,35.2238095238095238,10.3978041489448068
2014,35,dioxido_de_azufre,3.4011904761904762,3.0353104334355615
2015,35,dioxido_de_azufre,2.7928571428571429,1.8378736816426702
2015,35,dioxido_de_nitrogeno,10.9547619047619048,4.4825553744044089
2014,35,dioxido_de_nitrogeno,11.7416666666666667,4.4094575012020056
2015,35,monoxido_de_carbono,5.4892857142857143,1.9066109101252273
2014,35,monoxido_de_carbono,7.1583333333333333,3.0654251818451977
2014,35,ozono,35.3261904761904762,24.9221582843717584
2015,35,ozono,26.7154761904761905,16.8158007457075049
2014,35,pm10,34.4654761904761905,9.3885152122035825
2015,35,pm10,38.1380952380952381,6.9729582349489243
2015,36,dioxido_de_azufre,2.8547619047619048,1.7496061032542837
2014,36,dioxido_de_azufre,2.9059523809523810,3.3001553468862536
2015,36,dioxido_de_nitrogeno,17.8226190476190476,7.3142121876669682
2014,36,dioxido_de_nitrogeno,14.1666666666666667,6.0153425874325378
2014,36,monoxido_de_carbono,9.8928571428571429,3.9818355657927525
2015,36,monoxido_de_carbono,10.1273809523809524,4.4458562670952520
2015,36,ozono,28.8952380952380952,31.7117677039404117
2014,36,ozono,27.9142857142857143,21.9741919425340520
2014,36,pm10,26.9440476190476190,6.5216582634692721
2015,36,pm10,59.4059523809523810,16.3797518190014143
2014,37,dioxido_de_azufre,2.0809523809523810,0.69947642439893161639
2015,37,dioxido_de_azufre,2.9988095238095238,1.7189259922330876
2014,37,dioxido_de_nitrogeno,13.5345238095238095,4.6404706218016619
2015,37,dioxido_de_nitrogeno,13.7738095238095238,6.1637395396514336
2014,37,monoxido_de_carbono,8.3678571428571429,2.6104521144400326
2015,37,monoxido_de_carbono,7.2523809523809524,3.5451279731150886
2015,37,ozono,26.6119047619047619,26.8104519705612182
2014,37,ozono,24.1059523809523810,20.6949456393489507
2014,37,pm10,27.3976190476190476,7.6949587415064531
2015,37,pm10,54.3928571428571429,17.6189421966065405
2015,38,dioxido_de_azufre,2.9761904761904762,1.3528426829531203
2014,38,dioxido_de_azufre,3.2297619047619048,2.8184341150721134
2014,38,dioxido_de_nitrogeno,11.4440476190476190,5.5934333027355975
2015,38,dioxido_de_nitrogeno,13.6857142857142857,6.4977330393063740
2015,38,monoxido_de_carbono,8.2928571428571429,3.6929138636527837
2014,38,monoxido_de_carbono,8.1261904761904762,3.6557176484321346
2014,38,ozono,24.4952380952380952,20.2618726051880218
2015,38,ozono,24.8773809523809524,28.7199367663690630
2015,38,pm10,51.3178571428571429,17.1808765042051877
2014,38,pm10,29.5309523809523810,12.4056004134708078
2015,39,dioxido_de_azufre,5.5476190476190476,4.2804118019639673
2014,39,dioxido_de_azufre,2.1916666666666667,1.2638466297521846
2015,39,dioxido_de_nitrogeno,11.3857142857142857,4.0466629480120473
2014,39,dioxido_de_nitrogeno,9.3690476190476190,2.6745601574596088
2015,39,monoxido_de_carbono,6.1880952380952381,2.4708746701793984
2014,39,monoxido_de_carbono,6.3011904761904762,2.0055937298480893
2015,39,ozono,20.6738095238095238,18.4091566520759446
2014,39,ozono,22.1404761904761905,16.9372192721841169
2015,39,pm10,45.8309523809523810,9.8041607303153924
2014,39,pm10,22.7904761904761905,4.1510691658816078
2014,4,dioxido_de_azufre,7.7285714285714286,4.7987029293537915
2016,4,dioxido_de_azufre,6.9297619047619048,7.1067843455018072
2015,4,dioxido_de_azufre,4.7928571428571429,3.1566108511161081
2016,4,dioxido_de_nitrogeno,23.0773809523809524,13.3053427500004059
2015,4,dioxido_de_nitrogeno,19.3440476190476190,7.9306867857730234
2014,4,dioxido_de_nitrogeno,23.6047619047619048,9.2109939074600917
2014,4,monoxido_de_carbono,12.1071428571428571,5.0229932743016440
2015,4,monoxido_de_carbono,11.5500000000000000,4.6109549813770742
2016,4,monoxido_de_carbono,11.9976190476190476,7.6339055528987489
2015,4,ozono,25.1130952380952381,22.4508536475173233
2014,4,ozono,34.6678571428571429,27.0314859045156373
2016,4,ozono,24.7440476190476190,20.8370135236348618
2016,4,pm10,94.8952380952380952,27.0800865168428006
2015,4,pm10,90.8130952380952381,19.2788846788533275
2014,4,pm10,69.0416666666666667,15.7878342771921769
2014,40,dioxido_de_azufre,2.2869047619047619,1.3235989297347355
2015,40,dioxido_de_azufre,2.2083333333333333,0.73766508761489851861
2014,40,dioxido_de_nitrogeno,12.2071428571428571,4.7625321965891676
2015,40,dioxido_de_nitrogeno,16.1714285714285714,6.5841318151216145
2014,40,monoxido_de_carbono,8.0238095238095238,2.4846426538699780
2015,40,monoxido_de_carbono,8.1809523809523810,3.3089785103558331
2015,40,ozono,26.7678571428571429,28.8291116470589527
2014,40,ozono,22.8571428571428571,17.2925075972865636
2014,40,pm10,21.6559523809523810,6.5663905903544632
2015,40,pm10,52.9583333333333333,19.3648103019213715
2014,41,dioxido_de_azufre,3.2238095238095238,2.1242467106324231
2015,41,dioxido_de_azufre,4.0535714285714286,2.0073135902196932
2014,41,dioxido_de_nitrogeno,15.5940476190476190,5.6146167828897350
2015,41,dioxido_de_nitrogeno,14.0380952380952381,6.4804446786369222
2014,41,monoxido_de_carbono,9.6166666666666667,3.4472988971271822
2015,41,monoxido_de_carbono,7.4285714285714286,3.8521102811644713
2015,41,ozono,29.1261904761904762,28.8698659209741121
2014,41,ozono,30.1488095238095238,25.2018880143317344
2014,41,pm10,33.0404761904761905,9.3449726950730720
2015,41,pm10,74.4464285714285714,19.9995705938918774
2015,42,dioxido_de_azufre,3.2428571428571429,2.8898031126059621
2014,42,dioxido_de_azufre,7.9654761904761905,6.1436905054572873
2014,42,dioxido_de_nitrogeno,14.3178571428571429,5.8773856153955538
2015,42,dioxido_de_nitrogeno,11.2809523809523810,4.4563430223013434
2015,42,monoxido_de_carbono,6.3011904761904762,3.2490575895069984
2014,42,monoxido_de_carbono,9.6011904761904762,4.8053157406905138
2014,42,ozono,22.8190476190476190,21.8442448089435560
2015,42,ozono,18.2773809523809524,11.6791824128766907
2015,42,pm10,49.6416666666666667,21.9407355854219272
2014,42,pm10,38.7654761904761905,11.7679591056877498
2015,43,dioxido_de_azufre,3.4309523809523810,3.0615449522667450
2014,43,dioxido_de_azufre,2.3928571428571429,1.8656793420783374
2014,43,dioxido_de_nitrogeno,10.4607142857142857,3.4504328676687972
2015,43,dioxido_de_nitrogeno,13.0535714285714286,7.2764735337021464
2014,43,monoxido_de_carbono,6.4535714285714286,2.2691876294990716
2015,43,monoxido_de_carbono,7.6297619047619048,4.1792175463380377
2014,43,ozono,22.2095238095238095,16.8862535445782190
2015,43,ozono,16.6726190476190476,14.0165477820316953
2014,43,pm10,21.3750000000000000,6.6372800372747719
2015,43,pm10,49.5321428571428571,26.0948835317383748
2014,44,dioxido_de_azufre,6.7562130177514793,4.8933870505619713
2015,44,dioxido_de_azufre,5.0473372781065089,5.4147974485312509
2014,44,dioxido_de_nitrogeno,15.7491124260355030,7.5288396412714544
2015,44,dioxido_de_nitrogeno,15.1857988165680473,8.7205040824695602
2015,44,monoxido_de_carbono,10.9834319526627219,5.0070765144906264
2014,44,monoxido_de_carbono,8.2426035502958580,3.8279444993719202
2015,44,ozono,15.9301775147928994,23.4387090329136644
2014,44,ozono,27.0284023668639053,25.2321289191085840
2014,44,pm10,65.5692307692307692,26.9829066481881103
2015,44,pm10,61.5562130177514793,29.9275305557915990
2015,45,dioxido_de_azufre,7.2634730538922156,4.6141316566626533
2014,45,dioxido_de_azufre,7.8898203592814371,6.0507311202856037
2014,45,dioxido_de_nitrogeno,16.8179640718562874,7.6035087933092208
2015,45,dioxido_de_nitrogeno,13.2179640718562874,5.9017059008962864
2015,45,monoxido_de_carbono,7.5281437125748503,3.3468709433165205
2014,45,monoxido_de_carbono,9.3485029940119760,4.0443562282086994
2014,45,ozono,24.1856287425149701,24.1934704795078534
2015,45,ozono,18.5257485029940120,20.2854390255536543
2015,45,pm10,63.5029940119760479,22.8585668788347434
2014,45,pm10,71.6634730538922156,26.0118594039344372
2015,46,dioxido_de_azufre,5.5928571428571429,4.4881989537518332
2014,46,dioxido_de_azufre,4.0238095238095238,2.7922768955906497
2014,46,dioxido_de_nitrogeno,16.6000000000000000,6.2720980022019162
2015,46,dioxido_de_nitrogeno,13.2916666666666667,5.6973261472770333
2014,46,monoxido_de_carbono,10.1750000000000000,3.3374522624737005
2015,46,monoxido_de_carbono,6.8761904761904762,3.4070535768774929
2014,46,ozono,20.2511904761904762,20.6454836178157084
2015,46,ozono,17.1964285714285714,17.5589112041907622
2014,46,pm10,64.6523809523809524,20.6000131698030977
2015,46,pm10,58.4202380952380952,26.8916214437972662
2014,47,dioxido_de_azufre,6.1047619047619048,7.4565711996386939
2015,47,dioxido_de_azufre,7.1952380952380952,4.8608750263618347
2014,47,dioxido_de_nitrogeno,17.4797619047619048,6.6534921828250559
2015,47,dioxido_de_nitrogeno,17.2869047619047619,7.7262347337729712
2015,47,monoxido_de_carbono,9.3607142857142857,4.6238362026951900
2014,47,monoxido_de_carbono,11.2345238095238095,4.1624919775393718
2014,47,ozono,18.2833333333333333,18.9996727487866301
2015,47,ozono,22.5559523809523810,24.1840225982423090
2014,47,pm10,67.4773809523809524,19.3555765491389370
2015,47,pm10,80.7535714285714286,25.4935077688809935
2015,48,dioxido_de_azufre,14.2964285714285714,9.8152898946484725
2014,48,dioxido_de_azufre,8.3107142857142857,6.7865378531834610
2015,48,dioxido_de_nitrogeno,19.0238095238095238,8.1405651355718818
2014,48,dioxido_de_nitrogeno,21.0595238095238095,8.0428696283595700
2014,48,monoxido_de_carbono,10.9821428571428571,4.2359959480691873
2015,48,monoxido_de_carbono,10.2952380952380952,4.0595655739062766
2015,48,ozono,22.1119047619047619,27.9376856600290837
2014,48,ozono,22.3297619047619048,24.8236607101310814
2014,48,pm10,85.6178571428571429,22.9566189878870114
2015,48,pm10,87.7130952380952381,20.9228065296682232
2015,49,dioxido_de_azufre,13.1976190476190476,8.2945761991984247
2014,49,dioxido_de_azufre,5.9488095238095238,3.2302944011937307
2014,49,dioxido_de_nitrogeno,22.5750000000000000,10.9647433142575944
2015,49,dioxido_de_nitrogeno,21.5035714285714286,10.1507111070212882
2015,49,monoxido_de_carbono,10.7892857142857143,5.4405119180265565
2014,49,monoxido_de_carbono,10.7654761904761905,5.0275520751479013
2014,49,ozono,28.2071428571428571,28.3792626269628032
2015,49,ozono,24.2440476190476190,30.4682364593310627
2014,49,pm10,95.1750000000000000,18.9540965787244480
2015,49,pm10,95.2595238095238095,19.3199466425553183
2015,5,dioxido_de_azufre,6.8785714285714286,3.7953635672391079
2014,5,dioxido_de_azufre,4.2797619047619048,2.3862078753310570
2016,5,dioxido_de_azufre,10.5083333333333333,9.7344932870194032
2016,5,dioxido_de_nitrogeno,21.0452380952380952,8.4330272554850207
2015,5,dioxido_de_nitrogeno,16.0107142857142857,6.7508798324243497
2014,5,dioxido_de_nitrogeno,22.7928571428571429,8.8183872497391106
2015,5,monoxido_de_carbono,9.6261904761904762,3.8432678489365815
2014,5,monoxido_de_carbono,12.0452380952380952,5.1139903637241391
2016,5,monoxido_de_carbono,10.3404761904761905,4.9961396074155518
2016,5,ozono,34.3666666666666667,30.9831948502847454
2015,5,ozono,19.7726190476190476,16.4211399782734071
2014,5,ozono,38.7440476190476190,28.4392996867423294
2014,5,pm10,66.6452380952380952,18.7373884786344268
2016,5,pm10,91.7392857142857143,25.3128671593655313
2015,5,pm10,80.8416666666666667,18.2062066741553279
2015,50,dioxido_de_azufre,9.1785714285714286,7.6225947210216224
2014,50,dioxido_de_azufre,10.1464285714285714,7.2410389555503510
2015,50,dioxido_de_nitrogeno,20.4047619047619048,9.4979064848633731
2014,50,dioxido_de_nitrogeno,17.4595238095238095,5.8762185924110372
2015,50,monoxido_de_carbono,11.2821428571428571,5.8483142587992638
2014,50,monoxido_de_carbono,8.9095238095238095,3.2007008710872307
2014,50,ozono,17.5619047619047619,15.2744764770401575
2015,50,ozono,21.5059523809523810,22.4421377627810119
2015,50,pm10,91.6571428571428571,23.4548549996510723
2014,50,pm10,79.2261904761904762,21.1082973989299571
2015,51,dioxido_de_azufre,9.3571428571428571,10.1536971162505336
2014,51,dioxido_de_azufre,3.7869047619047619,1.7888730221481431
2015,51,dioxido_de_nitrogeno,19.6547619047619048,8.8324275858258196
2014,51,dioxido_de_nitrogeno,20.4250000000000000,8.0149796436993759
2015,51,monoxido_de_carbono,11.5452380952380952,5.0015826997303462
2014,51,monoxido_de_carbono,12.1130952380952381,4.2832177917108986
2015,51,ozono,22.7464285714285714,27.5256731236976495
2014,51,ozono,22.3571428571428571,21.4525242142809678
2014,51,pm10,89.2333333333333333,18.0937258786034366
2015,51,pm10,84.3500000000000000,29.5749205192290036
2014,52,dioxido_de_azufre,2.0559523809523810,0.73103371721385184092
2015,52,dioxido_de_azufre,7.1321428571428571,4.4223309348494883
2015,52,dioxido_de_nitrogeno,20.5428571428571429,10.5142197341706385
2014,52,dioxido_de_nitrogeno,13.3964285714285714,5.9831895303056663
2014,52,monoxido_de_carbono,9.6357142857142857,4.4756697012454670
2015,52,monoxido_de_carbono,12.0178571428571429,6.6661162792840486
2014,52,ozono,14.2714285714285714,14.9305948653837774
2015,52,ozono,24.7547619047619048,25.4794193737576210
2015,52,pm10,96.2095238095238095,26.7827333907101261
2014,52,pm10,50.3047619047619048,28.2367392896562233
2016,53,dioxido_de_azufre,13.4166666666666667,7.4462792862552267
2015,53,dioxido_de_azufre,3.5895833333333333,2.5489561155605610
2015,53,dioxido_de_nitrogeno,19.3854166666666667,8.5482418215319349
2016,53,dioxido_de_nitrogeno,14.9944444444444444,5.2081971198529742
2015,53,monoxido_de_carbono,10.7750000000000000,5.5276303499793224
2016,53,monoxido_de_carbono,8.9694444444444444,3.3722874744415632
2016,53,ozono,26.9166666666666667,29.0009845188756799
2015,53,ozono,25.8395833333333333,27.1382699342525572
2016,53,pm10,90.5000000000000000,28.3570549012780011
2015,53,pm10,77.2895833333333333,29.2714866896128276
2016,6,dioxido_de_azufre,16.8226190476190476,8.4739360780959297
2015,6,dioxido_de_azufre,5.1464285714285714,3.0280746912475393
2014,6,dioxido_de_azufre,5.4678571428571429,5.0637335110907482
2016,6,dioxido_de_nitrogeno,18.2750000000000000,6.8550004368543219
2014,6,dioxido_de_nitrogeno,21.0511904761904762,7.2182723055386054
2015,6,dioxido_de_nitrogeno,16.3571428571428571,6.6519873577702037
2014,6,monoxido_de_carbono,10.1619047619047619,3.9126305897135903
2016,6,monoxido_de_carbono,8.1773809523809524,3.8497666814888089
2015,6,monoxido_de_carbono,9.9690476190476190,4.2352169085337812
2016,6,ozono,27.1880952380952381,25.1948374527366687
2015,6,ozono,22.0273809523809524,22.7297007693825073
2014,6,ozono,40.5952380952380952,30.6478398026320304
2016,6,pm10,95.1619047619047619,16.6007589524645495
2014,6,pm10,61.1738095238095238,14.7611344132185807
2015,6,pm10,72.9440476190476190,21.2926811847608888
2016,7,dioxido_de_azufre,13.5821428571428571,10.0981082583190205
2014,7,dioxido_de_azufre,4.0511904761904762,1.4593412107511643
2015,7,dioxido_de_azufre,5.3809523809523810,4.0904690578640917
2015,7,dioxido_de_nitrogeno,19.3488095238095238,7.1419123190315058
2016,7,dioxido_de_nitrogeno,22.5011904761904762,8.7146526841790238
2014,7,dioxido_de_nitrogeno,21.4250000000000000,8.1076837112029623
2014,7,monoxido_de_carbono,10.9142857142857143,4.8256649694536280
2015,7,monoxido_de_carbono,10.5714285714285714,4.3194427373264317
2016,7,monoxido_de_carbono,9.7726190476190476,5.3264771701579303
2014,7,ozono,36.8821428571428571,28.3789135097499857
2016,7,ozono,42.1035714285714286,38.8191612689891612
2015,7,ozono,21.2845238095238095,20.1556221600758909
2015,7,pm10,83.9380952380952381,21.3346897803622155
2014,7,pm10,57.5666666666666667,15.5276011187747328
2016,7,pm10,103.2464285714285714,15.7530854493609613
2014,8,dioxido_de_azufre,5.4702380952380952,4.5273971916112023
2015,8,dioxido_de_azufre,4.5750000000000000,3.4206961422692018
2016,8,dioxido_de_azufre,11.3690476190476190,9.5531631612930976
2016,8,dioxido_de_nitrogeno,18.7309523809523810,8.1214848626571102
2014,8,dioxido_de_nitrogeno,21.7761904761904762,8.0667598694178808
2015,8,dioxido_de_nitrogeno,18.0273809523809524,6.9289231808328115
2014,8,monoxido_de_carbono,9.5869047619047619,3.9748398146719690
2016,8,monoxido_de_carbono,7.8869047619047619,4.3749007756336590
2015,8,monoxido_de_carbono,10.6392857142857143,4.1732023774017448
2016,8,ozono,39.3773809523809524,32.6420498900231375
2015,8,ozono,31.2630952380952381,32.5123036388549750
2014,8,ozono,46.3964285714285714,35.7940571652624568
2016,8,pm10,99.3547619047619048,19.1348106468062822
2014,8,pm10,68.3333333333333333,15.5031107904052232
2015,8,pm10,77.3476190476190476,19.8540111395424719
2014,9,dioxido_de_azufre,6.4369047619047619,4.6960861588581922
2015,9,dioxido_de_azufre,4.7773809523809524,5.2117692792731847
2016,9,dioxido_de_azufre,6.0240000000000000,4.0688906310863082
2016,9,dioxido_de_nitrogeno,18.6640000000000000,4.7057685944504463
2014,9,dioxido_de_nitrogeno,19.3559523809523810,6.7602013354237552
2015,9,dioxido_de_nitrogeno,16.1190476190476190,7.0722556546978368
2014,9,monoxido_de_carbono,9.1273809523809524,3.3591832819787006
2015,9,monoxido_de_carbono,8.7785714285714286,3.6768797801150224
2016,9,monoxido_de_carbono,8.0800000000000000,3.0096618607626061
2016,9,ozono,32.3680000000000000,24.1949528194514955
2015,9,ozono,29.8547619047619048,26.0517565208503703
2014,9,ozono,42.4773809523809524,32.3775325328826247
2016,9,pm10,67.3040000000000000,20.7761587930384376
2015,9,pm10,84.9071428571428571,18.6542711493389568
2014,9,pm10,61.4142857142857143,11.9455373433449944
